Rk,Player,Pos,Age,Tm,G,MP,PER,TS%,3PAr,FTr,ORB%,DRB%,TRB%,AST%,STL%,BLK%,TOV%,USG%,,OWS,DWS,WS,WS/48,,OBPM,DBPM,BPM,VORP
1,Kareem Abdul-Jabbar*,C,39,LAL,78,2441,17.9,0.597,0.003,0.345,7.4,15.8,11.9,11.6,0.9,2.2,14,22.1,,4.5,3,7.5,0.148,,1.4,0.1,1.6,2.2
2,Alvan Adams,C,32,PHO,68,1690,14.6,0.546,0.002,0.275,6.2,16.1,11.2,18.4,1.7,1.3,16.7,20,,1.2,1.6,2.8,0.079,,-0.4,0.3,-0.1,0.8
3,Michael Adams,PG,24,WSB,63,1303,14.3,0.506,0.26,0.316,3,7,5,25.7,3.1,0.3,15.3,16.3,,1.2,1.5,2.7,0.099,,0,1.2,1.2,1
4,Rafael Addison,SF,22,PHO,62,711,11.9,0.5,0.151,0.193,6.6,10.1,8.4,9.1,1.8,0.6,13.1,23.6,,-0.1,0.5,0.4,0.024,,-2,-1.9,-3.9,-0.3
5,Mark Aguirre,SF,27,DAL,80,2663,22.1,0.56,0.094,0.35,7.5,9.8,8.7,15.7,1.5,0.6,10.6,31.3,,6.8,2.1,8.9,0.16,,4.1,-1.1,3.1,3.4
6,Danny Ainge,SG,27,BOS,71,2499,15.2,0.574,0.227,0.195,2.4,8,5.4,21.2,2,0.3,13.3,18,,4.1,2.5,6.7,0.128,,1,0.3,1.2,2
7,Mark Alarie,PF,23,DEN,64,1110,12.5,0.516,0.02,0.228,6.5,14.2,10.1,8.9,0.9,1.4,10.3,18.8,,0.7,0.7,1.5,0.064,,-1.8,-1.4,-3.2,-0.3
8,Richard Anderson,PF,26,HOU,51,312,13.6,0.474,0.115,0.209,8.6,19.1,13.9,15.4,1.1,0.6,11.1,22.4,,0.1,0.4,0.5,0.082,,-0.8,-0.5,-1.3,0.1
9,Ron Anderson,SF,28,IND,63,721,16,0.531,0.017,0.367,10.9,12,11.4,11.1,2.1,0.3,13.9,22.9,,0.6,0.9,1.5,0.1,,0.6,-0.6,0,0.4
10,John Bagley,PG,26,CLE,72,2182,12.1,0.485,0.141,0.186,2.7,9.7,6.2,24.6,2,0.2,17.1,17.5,,0.3,2.3,2.6,0.058,,-1.4,0.2,-1.3,0.4
11,James Bailey,PF,29,NJN,34,542,11.9,0.514,0,0.335,10,18.4,14.2,5.7,1,2.5,16.5,24.4,,-0.2,0.5,0.3,0.031,,-4.3,-0.5,-4.9,-0.4
12,Thurl Bailey,PF,25,UTA,81,2155,13.9,0.49,0.002,0.228,6.9,14,10.4,7.1,0.8,2.3,9.7,23.2,,0.2,2.9,3.1,0.07,,-1,-0.4,-1.3,0.4
13,Greg Ballard,SF,32,GSW,82,1579,11.5,0.479,0.071,0.161,6.8,16.9,11.8,9.3,1.5,0.5,10.4,17.2,,0.5,1.2,1.7,0.052,,-1.6,-0.5,-2.1,-0.1
14,Gene Banks,SF,27,CHI,63,1822,12.6,0.58,0.011,0.316,7,12.3,9.6,13,1.4,0.6,17.7,14.8,,1.9,1.7,3.6,0.095,,-0.9,-0.3,-1.2,0.4
15,Charles Barkley*,PF,23,PHI,68,2740,25.1,0.66,0.111,0.602,16.7,24.8,20.8,19,2.1,2.2,21.4,23.1,,7.7,4.3,12,0.21,,5.4,1.3,6.7,6
16,John Battle,SG,24,ATL,64,804,13.8,0.514,0.032,0.4,2.2,5.9,4,22.3,1.8,0.4,13.9,22,,0.7,0.8,1.5,0.092,,-0.6,-0.1,-0.8,0.3
17,William Bedford,C,23,PHO,50,979,7.6,0.422,0.003,0.24,9.2,18.8,14.1,7.7,0.9,2.2,17.7,19.9,,-1.7,0.9,-0.8,-0.041,,-5.4,-1.2,-6.6,-1.1
18,Benoit Benjamin,C,22,LAC,72,2230,12.6,0.5,0.003,0.369,6.1,24.1,14.4,8.7,1.3,4.8,18.2,18.1,,-1.3,2.4,1.1,0.024,,-3.3,1.2,-2.1,-0.1
19,Kent Benson,C,32,UTA,73,895,11.7,0.482,0.022,0.184,9.2,17.7,13.4,6,2,1.8,11.6,17.1,,0.1,1.6,1.7,0.089,,-3,1.2,-1.8,0
20,Walter Berry,SF-PF,22,TOT,63,1586,16.8,0.561,0.004,0.376,9.1,12.5,10.7,10.4,1.1,1.4,14.6,26.5,,1.4,0.9,2.3,0.071,,0,-1.7,-1.6,0.1
20,Walter Berry,PF,22,POR,7,19,28.9,0.77,0,0.125,24.1,17.3,20.6,8.7,4.8,0,0,17.4,,0.1,0,0.2,0.399,,6.7,3.7,10.4,0.1
20,Walter Berry,SF,22,SAS,56,1567,16.6,0.559,0.004,0.379,8.9,12.5,10.6,10.4,1.1,1.5,14.8,26.6,,1.3,0.9,2.2,0.067,,0,-1.8,-1.8,0.1
21,Joe Binion,PF,25,POR,11,51,12,0.486,0,1,18,21.4,19.7,2.3,1.8,2.2,17.2,13.4,,0,0.1,0.1,0.092,,-1.1,-0.6,-1.7,0
22,Larry Bird*,SF,30,BOS,74,3005,26.4,0.612,0.15,0.304,5.1,19.2,12.8,28.6,2.2,1.3,12.4,27.5,,10.4,4.8,15.2,0.243,,7.3,2,9.4,8.6
23,Otis Birdsong,SG,31,NJN,7,127,7.7,0.479,0.024,0.214,2.7,3.5,3.1,19.1,1.1,0,16.4,17.5,,0,0,0,-0.001,,-2.8,-0.3,-3.1,0
24,Uwe Blab,C,24,DAL,30,160,7.1,0.419,0,0.549,7.6,16.6,12.2,10.4,1.2,3.2,19.2,19.9,,-0.3,0.2,-0.1,-0.027,,-6.4,0.3,-6.1,-0.2
25,Rolando Blackman,SG,27,DAL,80,2758,18.1,0.569,0.012,0.375,3.8,7,5.5,14.2,1.1,0.4,10.6,24.3,,6.5,1.5,8,0.14,,2.2,-1.1,1,2.1
26,Manute Bol,C,24,WSB,82,1552,10.9,0.482,0.004,0.29,5.6,19.3,12.4,0.9,0.6,10.8,19,8.3,,-0.5,2.9,2.4,0.074,,-4.3,4.6,0.3,0.9
27,Sam Bowie,C,25,POR,5,163,11.8,0.505,0,0.455,9.8,12.8,11.3,7.5,0.3,3.4,15.9,22.7,,0,0.1,0.1,0.034,,-2.2,-0.9,-3,0
28,Dudley Bradley,SG,29,MIL,68,900,10.3,0.444,0.235,0.272,3.8,8.9,6.3,9.3,5.6,0.5,12.5,12.4,,-0.1,1.8,1.7,0.09,,-3.6,5.1,1.5,0.8
29,Adrian Branch,SF,23,LAL,32,219,18.8,0.576,0.021,0.563,12.6,14.2,13.5,10,3.5,0.8,16.7,26.6,,0.4,0.4,0.7,0.158,,-0.9,0.5,-0.4,0.1
30,Randy Breuer,C,26,MIL,76,1467,12.3,0.512,0,0.406,9.7,17,13.3,4.5,1.8,2.5,14.6,19.1,,0.1,2.3,2.4,0.077,,-2.7,0.1,-2.6,-0.2
31,Frank Brickowski,PF-C,27,TOT,44,487,10.2,0.568,0.032,0.565,11.6,14.8,13.2,4.3,1.9,0.7,17.1,15.5,,0.5,0.6,1.1,0.108,,-4.5,0,-4.5,-0.3
31,Frank Brickowski,PF,27,LAL,37,404,10.2,0.609,0,0.628,11.8,14.7,13.4,3.6,1.6,0.6,17.2,14.6,,0.6,0.5,1.1,0.127,,-4.3,0,-4.3,-0.2
31,Frank Brickowski,C,27,SAS,7,83,10.2,0.431,0.133,0.367,10.2,15.2,12.6,7.8,3.4,1.4,16.7,20.2,,-0.1,0.1,0,0.013,,-5.6,0.1,-5.4,-0.1
32,Junior Bridgeman,SF,33,MIL,34,418,11.1,0.487,0.035,0.117,3.7,10.2,6.9,12.2,1.1,0.3,7.7,19.1,,0.2,0.4,0.6,0.069,,-2.2,-1,-3.1,-0.1
33,Mike Brittain,C,23,SAS,6,29,7.3,0.455,0,0.222,7.3,7.9,7.6,9.1,1.6,0,16.8,16.4,,0,0,0,-0.017,,-5,-3.1,-8.2,0
34,Michael Brooks,SF,28,IND,10,148,6.4,0.399,0,0.27,6.5,14.3,10.3,9.5,3,0,21,14.8,,-0.2,0.2,0,-0.007,,-5.9,0.2,-5.7,-0.1
35,Mike Brown,C,23,CHI,62,818,9.7,0.554,0,0.358,9.7,20.2,14.8,4.1,1.2,0.5,20.2,15,,0.1,0.9,1,0.06,,-4.1,-1,-5.1,-0.6
36,Tony Brown,SG,26,NJN,77,2339,9.7,0.485,0.025,0.254,4.1,6.5,5.3,15.9,1.8,0.4,14.5,18.2,,0,1.2,1.3,0.026,,-2.4,-0.4,-2.8,-0.5
37,Michael Cage,PF,25,LAC,80,2922,17.1,0.579,0.003,0.532,12.4,23.1,17.3,6.6,1.6,1.3,13.6,17.1,,4.8,2.4,7.2,0.119,,0.8,-1.1,-0.2,1.3
38,Tony Campbell,SF,24,DET,40,332,7,0.426,0.021,0.269,7,11.7,9.4,7.9,1.7,0.2,17.3,23.9,,-0.7,0.4,-0.3,-0.043,,-5.7,-0.9,-6.6,-0.4
39,Rick Carlisle,SG,27,BOS,42,297,4.6,0.397,0.174,0.217,3.3,7.7,5.7,14.4,1.3,0,19.9,18,,-0.6,0.2,-0.3,-0.054,,-5.6,-1.6,-7.1,-0.4
40,Antoine Carr,PF,25,ATL,65,695,15.5,0.551,0.011,0.389,9.4,14.8,12.1,7.2,1,4.1,11.4,20.7,,1.1,1.1,2.2,0.149,,-1.3,1.4,0.1,0.4
41,Kenny Carr,PF,31,POR,49,1443,12.8,0.558,0.005,0.424,10.4,27.9,19.3,7.4,0.9,0.5,17.9,15.7,,1.1,1.8,2.9,0.098,,-0.7,-0.5,-1.2,0.3
42,Joe Barry Carroll,C,28,GSW,81,2724,18.4,0.521,0,0.296,6.9,16.9,11.8,12.3,1.6,2.6,12,27.8,,2.1,2.6,4.6,0.082,,0.9,-0.2,0.7,1.8
43,Bill Cartwright,C,29,NYK,58,1989,17.1,0.617,0,0.694,7.4,17.8,12.6,7.2,1,0.8,13.4,20,,4.4,1.4,5.8,0.14,,1.4,-0.7,0.7,1.4
44,Terry Catledge,PF,23,WSB,78,2149,14.2,0.522,0.005,0.401,12,15.7,13.8,4,1,0.4,12.9,21.1,,1.5,2.1,3.6,0.08,,-0.7,-2,-2.7,-0.4
45,Tom Chambers,PF,27,SEA,82,3018,17,0.554,0.1,0.436,5.9,13.8,9.8,11.8,1.3,0.9,13.5,26,,5.3,2.1,7.4,0.118,,1.4,-1.2,0.1,1.6
46,Maurice Cheeks*,PG,30,PHI,68,2624,18.3,0.579,0.022,0.371,2.1,7.2,4.7,30.1,3.4,0.3,15.9,17.4,,5.2,2.7,7.9,0.145,,2.1,1,3.2,3.4
47,Fred Cofield,PG,25,CHI,5,27,4.2,0.182,0.091,0,4.1,17.1,10.5,19,3.7,0,8.3,18.7,,-0.1,0,-0.1,-0.119,,-7.6,-0.1,-7.7,0
48,Ben Coleman,C,25,NJN,68,1029,13.6,0.617,0.003,0.387,10.9,20.6,15.7,5.3,1.5,1.8,20.4,18,,0.9,1.1,2,0.093,,-2,-0.2,-2.2,0
49,Don Collins,SF,28,MIL,6,57,9.1,0.402,0,0.25,21.2,7.9,14.6,5,1.7,1.1,13.9,25.9,,-0.1,0.1,0,-0.016,,-4.8,-2.8,-7.5,-0.1
50,Steve Colter,PG,24,TOT,70,1322,11.6,0.477,0.043,0.27,2,7.3,4.7,22.1,2.1,0.5,13.6,16.4,,0.6,1.1,1.7,0.061,,-1.6,0.4,-1.2,0.3
50,Steve Colter,PG,24,CHI,27,473,9.8,0.412,0.063,0.275,2.1,8.1,5,26.5,2,0.8,16.7,17,,-0.3,0.4,0.2,0.019,,-2.8,0.1,-2.7,-0.1
50,Steve Colter,PG,24,PHI,43,849,12.6,0.514,0.031,0.267,1.9,6.9,4.5,19.6,2.2,0.4,11.8,16,,0.9,0.6,1.5,0.084,,-0.9,0.5,-0.4,0.4
51,Darwin Cook,SG,28,WSB,82,1420,12.5,0.46,0.037,0.166,3.4,7.5,5.4,16,3.3,0.7,12.6,21.6,,-0.5,1.7,1.2,0.04,,-2.5,1.2,-1.3,0.2
52,Michael Cooper,SG,30,LAL,82,2253,14,0.536,0.314,0.201,3.1,9,6.3,20.6,1.6,1.1,11.3,16.3,,3.8,2.3,6.1,0.131,,1.4,0.7,2.1,2.3
53,Wayne Cooper,C,30,DEN,69,1561,11.3,0.48,0.006,0.208,10.2,22.3,15.9,5.5,0.4,3.7,12,16,,0.4,1.6,2,0.06,,-3.4,-0.8,-4.1,-0.8
54,Tyrone Corbin,SF,24,TOT,63,1170,10.7,0.464,0.01,0.325,8,12.1,10,11.2,2.2,0.2,13.2,17.2,,0.1,1.1,1.2,0.048,,-2.7,-0.1,-2.8,-0.2
54,Tyrone Corbin,SF,24,SAS,31,732,11.6,0.469,0,0.254,7.5,10.5,9,14.8,2.5,0.2,13.6,18.6,,0.1,0.5,0.6,0.04,,-2.2,-0.1,-2.3,-0.1
54,Tyrone Corbin,SF,24,CLE,32,438,9.2,0.454,0.034,0.487,8.9,14.7,11.8,5.2,1.8,0.3,12.3,14.8,,0,0.5,0.6,0.062,,-3.6,-0.1,-3.7,-0.2
55,Dave Corzine,C,30,CHI,82,2287,12.8,0.505,0.008,0.208,9.7,17.3,13.4,12.6,0.8,2.3,14.4,14.6,,1.7,2.5,4.2,0.089,,-0.6,0.3,-0.4,0.9
56,Pat Cummings,PF,30,NYK,49,1056,11.4,0.491,0,0.288,13,20.3,16.6,5.3,1.2,0.4,16.5,20.4,,-0.3,0.9,0.6,0.025,,-2.9,-1.7,-4.6,-0.7
57,Terry Cummings,PF,25,MIL,82,2770,20.5,0.536,0.002,0.264,8.5,19.8,14.1,13.5,2.2,1.8,9.8,26.1,,4.1,4.7,8.8,0.152,,2.5,0.8,3.3,3.7
58,Earl Cureton,C,29,TOT,78,1973,11.3,0.492,0.004,0.298,11.5,14.3,12.8,8.6,0.8,1.7,12.2,13.7,,1.3,1.4,2.7,0.065,,-1.5,-1,-2.4,-0.2
58,Earl Cureton,C,29,CHI,43,1105,10.3,0.482,0.004,0.264,11.4,11.9,11.7,8.6,0.7,1.4,12.7,13.5,,0.6,0.9,1.5,0.066,,-1.5,-0.7,-2.2,-0.1
58,Earl Cureton,C,29,LAC,35,868,12.5,0.504,0.004,0.338,11.6,17.3,14.2,8.5,1,2,11.5,13.9,,0.7,0.5,1.2,0.064,,-1.4,-1.2,-2.7,-0.2
59,Dell Curry,SG,22,UTA,67,636,11.3,0.474,0.184,0.117,4.9,7.9,6.4,13.7,2,0.4,11.4,24.1,,-0.3,0.8,0.5,0.035,,-3.1,-0.3,-3.4,-0.2
60,Quintin Dailey,SG,26,LAC,49,924,11.8,0.465,0.02,0.316,3.8,6.3,4.9,13.8,2.2,0.5,11.3,27.2,,-0.6,0.4,-0.3,-0.014,,-3.3,-1.7,-4.9,-0.7
61,Adrian Dantley*,SF,31,DET,81,2736,18.6,0.614,0.005,0.59,4.2,8.7,6.5,8.8,1.1,0.1,11.3,23.7,,7.8,2.5,10.3,0.181,,2.4,-0.3,2.1,2.9
62,Brad Daugherty,C,21,CLE,80,2695,15.6,0.579,0,0.443,6.1,19.8,12.9,16.9,0.9,1.3,18.7,19.8,,2.6,3.5,6,0.107,,0.2,0.7,0.8,1.9
63,Brad Davis,PG,31,DAL,82,1582,14.5,0.564,0.243,0.392,1.9,5.8,3.9,30.3,1.9,0.4,18.2,16.1,,2.8,1.1,3.9,0.119,,0.8,-0.3,0.5,1
64,Walter Davis,SG,32,PHO,79,2646,19.3,0.562,0.053,0.22,3.9,6.4,5.2,22.7,1.7,0.1,12,28.9,,4.5,1.2,5.8,0.105,,2.8,-1.5,1.4,2.2
65,Darryl Dawkins,C,30,NJN,6,106,11.5,0.67,0,0.75,9.6,10.6,10.1,2.9,0.9,1.7,26.1,21.9,,0,0.1,0.1,0.048,,-3.8,-0.5,-4.3,-0.1
66,Johnny Dawkins,PG,23,SAS,81,1682,14.6,0.492,0.062,0.25,3.5,7.7,5.5,24.9,1.9,0.1,12.4,23.1,,1.2,0.8,2,0.057,,-0.2,-1.3,-1.5,0.2
67,Darren Daye,SF,26,TOT,62,731,9.5,0.512,0,0.322,6.2,12.5,9.6,13.3,1.7,0.5,19.8,16.8,,-0.2,0.8,0.6,0.041,,-3.2,0,-3.2,-0.2
67,Darren Daye,SF,26,CHI,1,7,-5.2,,,,0,16.5,8.1,16.8,0,0,100,6,,0,0,0,-0.124,,-10.3,0.7,-9.6,0
67,Darren Daye,SF,26,BOS,61,724,9.6,0.512,0,0.322,6.3,12.5,9.6,13.3,1.7,0.5,19.5,16.9,,-0.2,0.8,0.6,0.043,,-3.2,0,-3.1,-0.2
68,James Donaldson,C,29,DAL,82,3028,15.3,0.658,0,0.62,10.7,23.8,17.4,2.6,0.8,2.5,13.3,10.5,,6.5,3.9,10.4,0.166,,1.4,0.3,1.7,2.8
69,Bruce Douglas,SG,22,SAC,8,98,5.7,0.272,0.042,0.167,5.5,10.1,7.8,21.2,4.3,0,25.9,14.2,,-0.3,0.1,-0.2,-0.082,,-5.1,2.1,-3,0
70,Greg Dreiling,C,24,IND,24,128,8.6,0.497,0,0.324,10.1,27,18.4,7.4,0.8,0.9,14.2,16.1,,0,0.2,0.2,0.093,,-6.1,0.3,-5.8,-0.1
71,Larry Drew,PG,28,LAC,60,1566,13.1,0.49,0.105,0.243,1.7,5.9,3.6,32.1,1.8,0.1,16.6,23.1,,-0.2,0.4,0.1,0.004,,-0.8,-2.2,-3,-0.4
72,Clyde Drexler*,SG,24,POR,82,3114,20.2,0.552,0.033,0.334,8.3,10.2,9.3,26.2,3,1.3,13.5,23.6,,6.6,3.7,10.3,0.158,,3.5,1.4,4.9,5.4
73,Kevin Duckworth,C,22,TOT,65,875,9.1,0.53,0.004,0.491,9.8,18.5,14.2,4.3,1.1,1.3,19,18.5,,-0.1,0.9,0.8,0.045,,-5.1,-0.9,-6,-0.9
73,Kevin Duckworth,C,22,SAS,14,122,10.6,0.44,0,0.311,11.3,17,14,6.6,1.9,1.4,7.3,18.1,,0,0.1,0.2,0.062,,-3.8,-0.9,-4.7,-0.1
73,Kevin Duckworth,C,22,POR,51,753,8.8,0.547,0.004,0.526,9.6,18.7,14.3,4,1,1.3,20.9,18.5,,-0.1,0.8,0.7,0.043,,-5.3,-0.9,-6.2,-0.8
74,Joe Dumars*,SG,23,DET,79,2439,11.9,0.543,0.029,0.328,2.3,5,3.7,19.4,1.6,0.1,16.6,17.1,,2,2.2,4.2,0.083,,-1.1,0,-1.1,0.6
75,T.R. Dunn,SG,31,DEN,81,1932,7.8,0.453,0.007,0.199,4.6,10.1,7.2,8.6,2.3,0.6,9.9,6.6,,0.9,1.5,2.4,0.06,,-2.7,1.2,-1.4,0.3
76,Mark Eaton,C,30,UTA,79,2505,11.1,0.448,0,0.364,8.7,20.4,14.5,5.3,0.8,7.4,17.3,13,,-1.5,5,3.6,0.068,,-3.8,3.1,-0.7,0.8
77,Jerry Eaves,PG,27,SAC,3,26,-6.9,0.225,0,0.25,4.2,0,2.1,0,1.8,0,18.4,16.7,,-0.1,0,-0.1,-0.202,,-13.3,-3,-16.3,-0.1
78,Franklin Edwards,PG,27,SAC,8,122,5.2,0.367,0.125,0.438,1.8,7.2,4.5,29.1,1.9,0,30.8,18.1,,-0.3,0.1,-0.3,-0.115,,-5,-2,-7,-0.2
79,James Edwards,C,31,PHO,14,304,17,0.597,0,0.636,7.5,14.5,11.1,8.8,0.9,1.3,9.6,20.8,,0.8,0.2,1,0.157,,0.9,-0.3,0.6,0.2
80,Craig Ehlo,SG,25,CLE,44,890,11.5,0.483,0.121,0.414,6.7,12.8,9.8,14,2.1,1.9,17.8,15.5,,0,1.2,1.2,0.065,,-1.6,1.5,-0.1,0.4
81,Dale Ellis,SG,26,SEA,82,3073,19,0.588,0.158,0.322,6.6,9.3,7.9,11.9,1.6,0.6,12.1,25.3,,7.6,1.7,9.3,0.145,,3.5,-1.1,2.4,3.4
82,Chris Engler,C,27,TOT,30,195,11,0.5,0,0.314,13.3,19.6,16.4,5.5,1.2,3.3,17.1,14.5,,0,0.2,0.3,0.071,,-2.8,-0.1,-2.9,0
82,Chris Engler,C,27,POR,7,17,29.1,0.59,0,0.375,40.4,12.9,26.3,8.6,2.7,3.3,17.7,26.2,,0.1,0,0.1,0.239,,7.1,-2.1,5,0
82,Chris Engler,C,27,MIL,5,48,5.8,0.281,0,0.083,6.9,30.5,18.5,7.7,1,1.3,0,10.6,,0,0.1,0.1,0.052,,-6.5,-1.5,-8.1,-0.1
82,Chris Engler,C,27,NJN,18,130,10.6,0.551,0,0.387,12.1,16.4,14.3,4.2,1.1,4.1,21.6,14.4,,0,0.1,0.2,0.056,,-2.7,0.7,-2,0
83,Alex English*,SF,33,DEN,82,3085,20.5,0.549,0.008,0.254,4.7,7.2,5.8,21.6,1.1,0.4,9.1,29.2,,7,1.1,8.1,0.126,,4,-2,1.9,3.1
84,Julius Erving*,SF,36,PHI,60,1918,17,0.527,0.062,0.276,7.1,8.7,7.9,15.8,2,2.9,14.2,24.3,,1.7,1.8,3.5,0.088,,1.7,0,1.7,1.8
85,Mike Evans,SG,31,DEN,81,1567,13.6,0.522,0.232,0.169,2.3,6.6,4.3,16.1,2.3,0.4,12,21.8,,0.8,1,1.9,0.057,,-0.6,-0.8,-1.4,0.2
86,Patrick Ewing*,PF,24,NYK,63,2206,18.9,0.549,0.007,0.394,7.9,20.4,14.1,7.8,2,3.9,15.6,27.7,,0.6,2.8,3.5,0.075,,-0.2,0.6,0.4,1.3
87,Dave Feitl,C,24,HOU,62,498,10.3,0.491,0.005,0.351,8.7,17,12.9,6.3,0.9,0.5,14,22.3,,-0.1,0.6,0.5,0.049,,-4.3,-1.5,-5.8,-0.5
88,Kenny Fields,SF,24,TOT,48,883,12,0.501,0.034,0.267,7.3,11.4,9.2,10.5,1.7,0.7,11.9,20.1,,0.3,0.4,0.7,0.039,,-2.2,-1.1,-3.3,-0.3
88,Kenny Fields,SF,24,MIL,4,22,16.6,0.637,0,0.625,0,10.2,5.1,7.6,2.2,0,8.9,20.8,,0,0,0,0.108,,0.1,1.3,1.5,0
88,Kenny Fields,SF,24,LAC,44,861,11.9,0.497,0.035,0.259,7.5,11.5,9.3,10.6,1.7,0.7,11.9,20.1,,0.3,0.4,0.7,0.037,,-2.3,-1.1,-3.4,-0.3
89,Vern Fleming,PG,24,IND,82,2549,15.8,0.57,0.014,0.415,4.6,9.8,7.2,25.7,2.1,0.4,16.3,16.8,,4,2.9,7,0.131,,0.9,1,1.9,2.5
90,Sleepy Floyd,PG,26,GSW,82,3064,20.2,0.608,0.184,0.521,2,7.7,4.8,38,2.2,0.3,18.1,20.3,,8.3,1.7,10,0.157,,4.4,-0.1,4.3,4.9
91,World B. Free,SG,33,PHI,20,285,7.1,0.404,0.073,0.382,2.1,5.5,3.8,15,0.9,0.8,11.1,23.8,,-0.3,0.1,-0.2,-0.037,,-5.3,-3.3,-8.6,-0.5
92,Kenny Gattison,PF,22,PHO,77,1104,9.4,0.523,0.01,0.55,9,18.3,13.7,4.3,1,1.7,18.6,17.4,,-0.3,1,0.7,0.031,,-4.3,-1.1,-5.4,-0.9
93,Artis Gilmore*,C,37,SAS,82,2405,14.2,0.634,0,0.614,8.1,18.8,13.3,8.3,0.8,2.3,19.5,15.3,,3,1.8,4.9,0.097,,-0.8,-0.2,-1,0.6
94,Mike Glenn,SG,31,MIL,4,34,10.1,0.466,0,0.538,0,6.6,3.3,4,1.4,0,0,19.4,,0,0,0.1,0.08,,-4,-1.1,-5.1,0
95,Mike Gminski,C,27,NJN,72,2272,17,0.531,0,0.391,9.5,21.6,15.6,6.6,1.1,1.8,10.4,22,,3.2,2.2,5.4,0.115,,1.3,-0.9,0.4,1.4
96,Grant Gondrezick,SG,24,PHO,64,836,10.9,0.503,0.057,0.357,6.4,8.3,7.4,13.1,1.4,0.3,13.9,19.6,,0.2,0.4,0.6,0.037,,-2,-1.3,-3.2,-0.3
97,Lancaster Gordon,SG,24,LAC,70,1130,11.3,0.448,0.088,0.174,5.8,6.5,6.1,19.2,2.5,0.7,14.8,24.3,,-1.3,0.5,-0.8,-0.033,,-2.5,-1.2,-3.7,-0.5
98,Stewart Granger,PG,25,NYK,15,166,5.9,0.416,0.056,0.204,4,7.5,5.7,22.6,2.1,0.4,27.2,20.3,,-0.4,0.1,-0.4,-0.104,,-5.1,-0.7,-5.8,-0.2
99,Stuart Gray,C,23,IND,55,456,8,0.465,0,0.386,9.2,22,15.5,7.3,1.1,3.7,23.4,14.1,,-0.4,0.8,0.4,0.037,,-5.2,1.6,-3.5,-0.2
100,A.C. Green,PF,23,LAL,79,2240,15.7,0.599,0.009,0.48,11.2,18.8,15.3,4.6,1.5,2,12.5,14.7,,4.3,3.3,7.6,0.163,,0.9,0.1,1,1.7
101,Kenny Green,SF,22,PHI,19,172,6.5,0.408,0,0.271,4.1,14.4,9.4,5.9,1.1,0.7,16.1,22.8,,-0.4,0.1,-0.3,-0.072,,-5.2,-2.8,-8,-0.3
102,Rickey Green,PG,32,UTA,81,2090,15.9,0.531,0.03,0.323,1.9,6.3,4.1,35.1,2.4,0.1,15.3,16.5,,3,2.6,5.6,0.128,,0.8,0.7,1.5,1.9
103,Sidney Green,PF,26,DET,80,1792,13,0.509,0.004,0.327,12.1,26.7,19.6,4.6,1.1,1.6,17,16.9,,0.3,3.1,3.4,0.092,,-1.6,0,-1.6,0.2
104,Dave Greenwood,PF,29,SAS,79,2587,15.2,0.58,0.009,0.469,10.5,23.4,16.7,12,1.3,1.1,16.9,14.8,,3.8,2.4,6.2,0.115,,0,0,0,1.3
105,Darrell Griffith,SG,28,UTA,76,1843,15,0.505,0.193,0.204,4.5,8.3,6.4,11.1,2.4,0.9,10.7,27.2,,-0.1,2.6,2.5,0.066,,-0.1,0.3,0.2,1
106,Bob Hansen,SG,26,UTA,72,1453,12.4,0.512,0.075,0.298,6,8.6,7.3,10.1,1.4,0.2,10.2,20.6,,0.9,1.6,2.6,0.085,,-1.8,-0.3,-2.1,0
107,Bill Hanzlik,PF,29,DEN,73,1990,13.9,0.516,0.107,0.539,3.9,10,6.7,17.8,2,0.8,12.5,20.4,,2.1,1.5,3.5,0.085,,-0.5,-0.2,-0.8,0.6
108,Derek Harper,PG,25,DAL,77,2556,20,0.561,0.213,0.236,2.2,6.1,4.2,33.6,3.1,0.6,11.2,19.6,,6.8,2.6,9.4,0.177,,4,1.2,5.2,4.6
109,Ron Harper,SG,23,CLE,82,3064,17.2,0.503,0.058,0.349,6,7.8,6.9,21.1,3.2,1.5,15.6,28.9,,-0.1,4.4,4.2,0.066,,0.8,1.1,1.8,3
110,Steve Harris,SG,23,HOU,74,1174,12.9,0.467,0.013,0.217,6.7,9.1,8,12.9,1.5,0.8,10.1,25.4,,0,1.3,1.3,0.052,,-1.7,-1,-2.7,-0.2
111,Scott Hastings,PF,26,ATL,40,256,9.8,0.44,0.176,0.426,6.8,22.7,14.8,6.5,1.9,1.6,13.9,15.1,,0,0.5,0.4,0.081,,-2.9,1.4,-1.5,0
112,Cedric Henderson,PF,21,TOT,8,16,15.3,0.59,0,0.375,20.5,34.9,27.5,0,0,0,30,34.2,,0,0,0,-0.015,,-6.1,-2.5,-8.6,0
112,Cedric Henderson,PF,21,ATL,6,10,11.1,0.46,0,0.2,21.8,10.7,16.2,0,0,0,15.5,26.5,,0,0,0,0.018,,-4.8,-3.5,-8.3,0
112,Cedric Henderson,PF,21,MIL,2,6,22.2,0.773,0,0.667,18.3,75.1,46.4,0,0,0,43.6,46.9,,0,0,0,-0.071,,-8.1,-0.9,-9,0
113,Gerald Henderson,PG,31,TOT,74,2045,14.5,0.519,0.114,0.341,2.7,6.9,4.8,32.9,2.4,0.3,18.2,19.2,,1.7,1.2,2.9,0.068,,0.3,-0.5,-0.2,0.9
113,Gerald Henderson,PG,31,SEA,6,155,14,0.578,0.06,0.36,4.2,2.1,3.2,27.8,1.8,0,20.6,18.5,,0.3,0,0.3,0.093,,0.2,-1.2,-0.9,0
113,Gerald Henderson,PG,31,NYK,68,1890,14.6,0.514,0.119,0.34,2.6,7.3,4.9,33.3,2.4,0.3,18,19.3,,1.5,1.1,2.6,0.066,,0.3,-0.4,-0.1,0.9
114,Jerome Henderson,PF,27,MIL,6,36,-2.4,0.407,0,0.308,6.1,15.6,10.8,0,1.3,1.7,28.9,23.6,,-0.2,0,-0.1,-0.154,,-14.2,-1.9,-16.1,-0.1
115,Kevin Henderson,PG,22,GSW,5,45,5.4,0.45,0,0.25,2.4,4.9,3.6,29.6,1,0,31.1,11.5,,0,0,0,-0.011,,-5.3,-1.3,-6.6,-0.1
116,Conner Henry,SG,23,TOT,54,323,6.1,0.412,0.309,0.199,2.7,8.8,5.9,14.2,1.4,0.2,15,22.7,,-0.6,0.3,-0.3,-0.049,,-5.4,-2.3,-7.7,-0.5
116,Conner Henry,SG,23,HOU,18,92,0.2,0.321,0.333,0.303,0,8.3,4.2,11,1.6,0,19.4,20.6,,-0.4,0.1,-0.3,-0.142,,-8.9,-2.2,-11.2,-0.2
116,Conner Henry,SG,23,BOS,36,231,8.5,0.444,0.301,0.165,3.7,9,6.6,15.5,1.3,0.2,13.3,23.5,,-0.3,0.2,-0.1,-0.012,,-3.9,-2.3,-6.3,-0.2
117,Rod Higgins,SF,27,GSW,73,1497,14.1,0.61,0.041,0.583,5.2,12.2,8.7,8.6,1.3,0.8,12.8,16,,2.9,0.8,3.7,0.12,,0.3,-0.5,-0.2,0.7
118,Roy Hinson,SF,25,PHI,76,2489,13.5,0.54,0.001,0.437,7.1,15.2,11.3,3.5,0.9,3.8,13.2,19.1,,1.9,2.6,4.5,0.087,,-1.9,-0.2,-2.2,-0.1
119,Craig Hodges,PG,26,MIL,78,2147,11.9,0.567,0.334,0.216,2.5,4.8,3.6,15.4,1.7,0.2,14.2,16.6,,2.4,1.9,4.3,0.095,,-0.1,-0.2,-0.3,0.9
120,Michael Holton,PG,25,POR,58,479,9.5,0.489,0.135,0.322,2.2,6.6,4.4,19.7,1.5,0.2,17.4,19.4,,0,0.3,0.3,0.026,,-2.7,-1.2,-3.9,-0.2
121,Jeff Hornacek,SG,23,PHO,80,1561,11.2,0.526,0.123,0.346,3,10.1,6.6,29,2.1,0.2,27.5,14.5,,0.1,1.1,1.2,0.036,,-1.5,-0.3,-1.8,0.1
122,Phil Hubbard,SF,30,CLE,68,2083,11.8,0.555,0.007,0.45,9.2,10.8,10,9.4,1.5,0.2,17.7,16.9,,1.1,2.1,3.3,0.075,,-1.5,-0.4,-1.9,0.1
123,Jay Humphries,PG,24,PHO,82,2579,14.2,0.532,0.036,0.345,2.8,8.5,5.7,32.2,2,0.2,18.4,16.7,,2.9,1.6,4.5,0.084,,-0.2,-0.5,-0.7,0.8
124,Geoff Huston,PG,29,LAC,19,428,9,0.474,0.017,0.281,1.4,3.1,2.2,33.3,1.5,0,24.9,16.8,,-0.4,0,-0.4,-0.04,,-2.5,-2.5,-5,-0.3
125,Marc Iavaroni,PF,30,UTA,78,845,7.8,0.522,0.019,0.54,7.8,13.5,10.6,5.6,0.9,0.7,17.4,15.1,,0,1.1,1.1,0.062,,-4.9,-0.1,-4.9,-0.6
126,Myron Jackson,PG,22,DAL,8,22,10.6,0.439,0,0.889,5,9.6,7.4,33.5,2.2,0,28.5,32.4,,-0.1,0,0,-0.104,,-2.8,-2.8,-5.6,0
127,Buck Johnson,SF,23,HOU,60,520,11.8,0.503,0.005,0.289,8.1,10.4,9.3,11.1,1.6,1.7,14,20.7,,0.1,0.7,0.7,0.068,,-2.5,0,-2.6,-0.1
128,Clemon Johnson,C,30,SEA,78,1051,10,0.543,0.011,0.618,11,17.8,14.4,2.4,0.9,2.3,13.7,9.8,,1,0.9,2,0.089,,-1.7,-0.7,-2.3,-0.1
129,Dennis Johnson*,PG,32,BOS,79,2933,13.2,0.499,0.065,0.263,1.9,7.6,5,26.1,1.4,0.7,14.3,18,,2.5,2.6,5.2,0.085,,-0.2,-0.1,-0.4,1.2
130,Eddie Johnson,SG,31,SEA,24,508,13.9,0.516,0.081,0.296,2.4,7.5,4.9,30.7,1.1,0.1,16.3,19.5,,0.6,0.2,0.8,0.075,,0.6,-1.8,-1.3,0.1
131,Eddie Johnson,SF,27,SAC,81,2457,16.2,0.523,0.09,0.246,6.5,9.3,7.9,15.9,0.8,0.4,10.1,26.2,,3.6,0.7,4.3,0.084,,1.3,-2,-0.7,0.9
132,Frank Johnson,PG,28,WSB,18,399,12.2,0.512,0.008,0.383,2.6,5.4,4,20.7,2.5,0,17.2,18.2,,0.1,0.4,0.5,0.055,,-1.9,0.4,-1.5,0.1
133,Magic Johnson*,PG,27,LAL,80,2904,27,0.602,0.03,0.482,5,13.7,9.7,47.2,2.2,0.7,15.9,26.3,,12.1,3.8,15.9,0.263,,7.5,1.3,8.8,8
134,Marques Johnson,SF,30,LAC,10,302,14,0.478,0.039,0.271,3,9.5,6,15.2,1.9,0.9,8.9,25.1,,0,0.1,0.1,0.022,,-0.7,-0.4,-1.1,0.1
135,Steffond Johnson,PF,24,LAC,29,234,4.7,0.458,0.047,0.594,6.5,14.2,10.1,3,1.8,0.5,18.2,16.8,,-0.3,0.1,-0.2,-0.037,,-8.3,-1.5,-9.8,-0.5
136,Steve Johnson,C,29,POR,79,2345,15.1,0.602,0,0.551,9.5,17.4,13.5,9.3,1,1.8,20,23.1,,2.1,2.4,4.4,0.091,,-1,-0.4,-1.4,0.3
137,Vinnie Johnson,SG,30,DET,78,2166,17,0.494,0.012,0.174,6.3,6.5,6.4,21.4,2,0.4,9.7,25.7,,2.5,2.4,4.8,0.107,,1.4,0.2,1.6,1.9
138,Anthony Jones,SF-SG,24,TOT,65,858,10.7,0.461,0.062,0.202,4.9,8.5,6.7,11.6,2.3,1.3,12.3,18.7,,-0.2,0.7,0.5,0.027,,-2.5,-0.2,-2.7,-0.1
138,Anthony Jones,SG,24,WSB,16,114,8.1,0.478,0.03,0.394,0.9,7.6,4.2,8.4,4.2,0.5,22.1,17.5,,-0.2,0.2,0,-0.007,,-5.3,2.2,-3.1,0
138,Anthony Jones,SF,24,SAS,49,744,11.1,0.459,0.066,0.18,5.5,8.6,7,12.1,2,1.4,10.9,18.9,,0,0.5,0.5,0.032,,-2,-0.6,-2.6,-0.1
139,Caldwell Jones,PF,36,POR,78,1578,8.7,0.573,0.009,0.554,8.3,23.6,16.1,4.8,0.7,2.7,23.8,9.1,,0.6,2,2.6,0.078,,-2.6,0.8,-1.9,0
140,Charles Jones,PF,29,WSB,79,1609,10.6,0.503,0.004,0.305,9.3,14.2,11.7,6.4,2,5.7,21.4,9,,0.2,2.6,2.8,0.083,,-3,3.3,0.3,1
141,Michael Jordan*,SG,23,CHI,82,3281,29.8,0.562,0.029,0.427,5.6,9.3,7.4,22.2,3.6,2.3,9.1,38.3,,11.9,5,16.9,0.247,,8.4,2.4,10.8,10.6
142,Clark Kellogg,PF,25,IND,4,60,10.2,0.421,0.091,0.182,12.5,7.4,10,13.6,4,0,14.4,19.3,,0,0.1,0.1,0.045,,-3,1.8,-1.3,0
143,Tim Kempton,PF,23,LAC,66,936,10.2,0.543,0.005,0.665,7.6,15.8,11.4,7.7,1.9,0.7,15.5,13.4,,0.7,0.6,1.3,0.066,,-3.7,-0.1,-3.8,-0.4
144,Jerome Kersey,SF,24,POR,82,2088,16.9,0.565,0.031,0.497,11,15.5,13.3,12.5,2.7,2.1,14.3,19.6,,3.5,2.9,6.4,0.147,,0.6,1.5,2,2.1
145,Albert King,SF,27,NJN,61,1291,10.4,0.472,0.056,0.175,7.2,11.5,9.3,12.1,1.2,1.3,14.3,22.5,,-0.6,0.8,0.2,0.007,,-2.1,-1,-3.2,-0.4
146,Bernard King*,SF,30,NYK,6,214,17.7,0.549,0,0.41,6.8,10.1,8.4,14.8,0.5,0,10.8,27.1,,0.3,0,0.4,0.087,,2.4,-3.5,-1.1,0
147,Curtis Kitchen,PF,23,SEA,6,31,18.5,0.58,0.167,0.667,14,17.6,15.8,4,3,5.5,0,9.9,,0.1,0.1,0.1,0.217,,1.8,3,4.8,0.1
148,Greg Kite,C,25,BOS,74,745,6,0.429,0.009,0.691,10.1,15,12.8,4.2,1.1,3.4,19.2,10.1,,-0.4,1,0.7,0.044,,-5.4,0.8,-4.7,-0.5
149,Joe Kleine,C,25,SAC,79,1658,12.4,0.514,0.002,0.258,11.3,20.5,15.9,5.8,1,1,13,16.7,,1.3,1.3,2.6,0.074,,-1.8,-1,-2.8,-0.3
150,Jon Koncak,C,23,ATL,82,1684,10.9,0.531,0.003,0.543,9.9,21.7,15.8,2.4,1.5,2.7,17.4,12.9,,0.7,3,3.7,0.106,,-2.7,1.3,-1.4,0.3
151,Larry Krystkowiak,PF,22,SAS,68,1004,13,0.515,0.032,0.397,8.1,18.5,13.1,11.7,1,0.7,13.3,20.2,,0.8,0.7,1.4,0.069,,-2,-1.4,-3.4,-0.3
152,Bill Laimbeer,C,29,DET,82,2854,17.4,0.559,0.021,0.271,9.4,26.1,18,7.4,1.2,1.4,9.6,17.7,,5.6,4.9,10.5,0.176,,1.4,0.8,2.3,3
153,Jim Lampley,C,26,PHI,1,16,8.3,0.387,0,0.667,7.4,28.1,18,0,3.1,0,20.5,12.8,,0,0,0,-0.003,,-2.8,-2.8,-5.6,0
154,Allen Leavell,PG,29,HOU,53,1175,12,0.502,0.159,0.332,1.3,4.3,2.9,25.4,2.2,0.5,13.5,16.5,,1.1,1.2,2.4,0.097,,-1.4,0.6,-0.7,0.4
155,Keith Lee,PF,24,CLE,67,870,13.8,0.492,0.003,0.27,11.6,19.5,15.6,12.2,1.4,2.6,16.9,23.2,,-0.3,1.3,1.1,0.06,,-2.7,0.3,-2.3,-0.1
156,Fat Lever,PG,26,DEN,82,3054,20.8,0.515,0.067,0.228,7,18.8,12.5,29.1,3,0.6,10,21.1,,6,3.8,9.7,0.153,,3.5,1.4,5,5.4
157,Cliff Levingston,PF,26,ATL,82,1848,14.3,0.557,0.006,0.427,12.9,18.2,15.6,2.9,1.3,2.2,10.9,14.7,,3.2,2.9,6.1,0.157,,-0.1,0.5,0.4,1.1
158,Alton Lister,C,28,SEA,75,2288,14,0.542,0.001,0.386,10.6,23,16.8,6.4,0.7,4.5,17.4,16.7,,1.4,2.7,4.1,0.086,,-1.5,0.5,-1,0.6
159,Lewis Lloyd,SG,27,HOU,32,688,15.8,0.569,0.023,0.277,2.1,5.5,3.8,20.6,1.3,0.4,13,23.7,,1,0.6,1.6,0.11,,0.2,-0.7,-0.5,0.3
160,John Long,SG,30,IND,80,2265,13.8,0.476,0.057,0.21,3.6,7,5.2,17.5,2.1,0.2,10.7,26.4,,-0.3,2.3,2.1,0.044,,-0.9,-0.7,-1.6,0.1
161,John Lucas,PG,33,MIL,43,1358,19.4,0.537,0.202,0.279,2.3,8,5.1,32.2,2.5,0.3,11.3,23.8,,2.7,1.6,4.3,0.152,,3.8,-0.1,3.7,2
162,Maurice Lucas,PF,34,SEA,63,1120,13.7,0.532,0.013,0.482,8.5,21.4,14.9,7.8,1.4,1.1,13.8,19.2,,1.3,1.2,2.4,0.104,,-1.5,-0.3,-1.7,0.1
163,Kyle Macy,PG,29,IND,76,1250,11.7,0.524,0.135,0.12,2.1,7.8,4.9,21.4,2.3,0.3,13.9,13.9,,1,1.4,2.4,0.091,,-1.6,1.3,-0.3,0.5
164,Rick Mahorn,PF,28,DET,63,1278,10.2,0.514,0,0.363,8.1,23.1,15.8,3.8,1.2,2.3,16.4,14.1,,0.3,2.2,2.5,0.095,,-3.4,1.4,-2,0
165,Jeff Malone,SG,25,WSB,80,2763,17,0.518,0.017,0.282,1.9,6.6,4.2,17.9,1.3,0.3,9.7,27.3,,3.8,1.8,5.6,0.097,,1.3,-1.3,-0.1,1.4
166,Karl Malone*,PF,23,UTA,82,2857,18,0.536,0.005,0.38,10,21.2,15.6,8.8,1.7,1.2,12.5,26.3,,1.8,5.1,6.9,0.116,,0.3,0,0.3,1.7
167,Moses Malone*,C,31,WSB,73,2488,23.8,0.545,0.008,0.528,14.2,21,17.6,7.9,1.1,2.1,11.1,29.3,,6,3.4,9.4,0.182,,4.3,-1.5,2.8,3
168,Pace Mannion,SF,26,NJN,23,284,8.4,0.386,0.096,0.33,4,11.5,7.7,21.4,3,0.8,17.6,18.6,,-0.4,0.3,-0.2,-0.026,,-3.3,1.5,-1.8,0
169,Bill Martin,SF,24,NYK,8,68,6.2,0.438,0,0.32,3.3,8.3,5.8,0,2.9,1.7,19.7,21.8,,-0.2,0.1,-0.1,-0.087,,-5.8,-2.1,-7.9,-0.1
170,Fernando Martín,C,24,POR,24,146,-0.9,0.307,0.032,0.355,6.3,15,10.7,7.2,2.2,0.4,35.8,15,,-0.6,0.2,-0.4,-0.144,,-9.4,-0.9,-10.3,-0.3
171,Maurice Martin,SF,22,DEN,43,286,9.4,0.448,0.111,0.489,4.1,11.4,7.5,15.9,2.1,1.2,16.7,26.5,,-0.5,0.2,-0.2,-0.042,,-4.6,-1.5,-6,-0.3
172,Wes Matthews,PG,27,LAL,50,532,11.7,0.513,0.016,0.193,2.9,6.6,4.9,24.1,2,0.4,20.1,19.4,,0.1,0.5,0.6,0.054,,-2.3,-0.7,-3,-0.1
173,Cedric Maxwell,SF,31,TOT,81,1968,15.3,0.623,0.002,0.82,9.4,15.1,12.1,13.9,0.9,0.4,17.3,16,,4,1.4,5.4,0.132,,1.1,-0.3,0.8,1.4
173,Cedric Maxwell,SF,31,LAC,35,1132,15.4,0.613,0,0.789,9.3,15.6,12.2,15.3,1.1,0.5,18.4,16.8,,2,0.5,2.5,0.105,,1,-0.6,0.4,0.7
173,Cedric Maxwell,SF,31,HOU,46,836,15.2,0.639,0.005,0.867,9.6,14.5,12.1,11.9,0.7,0.3,15.6,15,,2,0.9,2.9,0.167,,1.2,0.1,1.4,0.7
174,Tim McCormick,C,24,PHI,81,2817,12.9,0.593,0.006,0.486,7.5,17.2,12.5,5.8,0.6,1.3,14.9,15.3,,3.7,2.4,6,0.102,,-0.8,-0.9,-1.7,0.2
175,Rodney McCray,SF,25,HOU,81,3136,15.7,0.612,0.011,0.502,6.7,13.4,10.1,18.7,1.3,1,17.9,15.2,,5.6,3.8,9.4,0.144,,1.6,1,2.6,3.7
176,Scooter McCray,PF,26,CLE,24,279,8.7,0.482,0,0.631,7.4,15,11.2,11.1,1.5,0.8,22.4,15.4,,-0.2,0.3,0.1,0.018,,-3.2,0.8,-2.4,0
177,Xavier McDaniel,SF,23,SEA,82,3031,18.7,0.538,0.009,0.25,12.1,13.2,12.7,10.7,1.8,1,11.8,25.8,,5,2.4,7.4,0.117,,2.1,-1.3,0.8,2.1
178,Ben McDonald,PF,24,GSW,63,1284,7.2,0.469,0.022,0.106,5.3,10.3,7.8,8.6,1,0.4,10.2,13.2,,0.2,0.5,0.7,0.027,,-3.7,-0.9,-4.6,-0.8
179,Hank McDowell,PF,27,MIL,7,70,10.7,0.548,0,0.412,14.1,16.1,15.1,3.8,1.4,0,13,13.5,,0.1,0.1,0.2,0.13,,-2.6,-0.1,-2.6,0
180,Mike McGee,SF,27,ATL,76,1420,15.2,0.534,0.338,0.202,5.4,6.7,6.1,16.1,2.1,0.1,12.4,24.4,,1.7,1.5,3.2,0.108,,1.5,0.1,1.6,1.3
181,Kevin McHale*,PF,29,BOS,77,3060,24,0.655,0.003,0.392,9.9,17.5,14,9.8,0.6,3.1,11.4,24.1,,10.8,4,14.8,0.232,,4.7,0.4,5.1,5.5
182,Kevin McKenna,SG,28,NJN,56,942,12.1,0.554,0.368,0.169,2.5,6.7,4.6,14.4,2.7,0.4,12.8,17.8,,1,0.7,1.7,0.087,,-0.8,0.9,0,0.5
183,Forrest McKenzie,SF,23,SAS,6,42,-2.2,0.294,0.071,0.071,5,13.7,9.2,3.3,1.1,0,9.4,30.5,,-0.2,0,-0.2,-0.223,,-11.8,-5,-16.8,-0.2
184,Nate McMillan,PG,22,SEA,71,1972,14.1,0.514,0.023,0.468,5.6,12.8,9.2,35.5,3,1.3,29.9,10.3,,1.9,2.2,4.1,0.099,,0.5,2.2,2.6,2.3
185,Mark McNamara,C,27,PHI,11,113,8.2,0.456,0,0.633,17.7,18.9,18.3,2.5,0.4,0,17.3,17.2,,-0.1,0.1,0,0.007,,-3.4,-3,-6.4,-0.1
186,Chris McNealy,PF,25,NYK,59,972,8.7,0.532,0,0.447,8.5,17.8,13.1,6.3,1.8,1,23,11.9,,-0.1,0.9,0.8,0.039,,-3.4,0.2,-3.2,-0.3
187,Cozell McQueen,PF,25,DET,3,7,58.3,1,0,0,47.4,74.7,61.5,0,0,8.2,0,17.3,,0.1,0,0.1,0.627,,21,5.1,26.1,0
188,Dirk Minniefield,PG,26,TOT,74,1600,10.3,0.488,0.081,0.187,2,7.5,4.8,29.5,2.2,0.3,23.1,17.3,,-0.8,1.8,1.1,0.032,,-2.8,0.1,-2.7,-0.3
188,Dirk Minniefield,PG,26,CLE,11,122,1.8,0.309,0.119,0.095,0.9,7.9,4.4,14.4,2.3,0.5,21.5,18.3,,-0.5,0.1,-0.3,-0.131,,-8,-0.1,-8.1,-0.2
188,Dirk Minniefield,PG,26,HOU,63,1478,11,0.504,0.077,0.195,2.1,7.5,4.8,30.7,2.1,0.2,23.3,17.2,,-0.3,1.7,1.4,0.045,,-2.4,0.1,-2.3,-0.1
189,Mike Mitchell,SF,31,SAS,40,922,11.9,0.483,0.004,0.234,4.4,8.1,6.2,6.2,1,0.6,8.8,25.2,,0.1,0.3,0.4,0.019,,-2.2,-2.8,-5,-0.7
190,Paul Mokeski,C,30,MIL,62,626,7.4,0.477,0.008,0.496,7.9,16.7,12.3,4.4,1.4,1.3,12.3,11.7,,0.2,0.8,1.1,0.081,,-4.1,0.5,-3.5,-0.2
191,Sidney Moncrief*,SG,29,MIL,39,992,15.9,0.582,0.096,0.5,6.3,7.9,7.1,17.1,1.3,0.6,13.7,18.9,,2,0.9,2.9,0.142,,2.1,-0.4,1.7,0.9
192,Johnny Moore,PG,28,SAS,55,1234,13.4,0.495,0.176,0.156,2.7,6.3,4.5,27.7,3.2,0.1,17.6,18.9,,0.3,0.9,1.2,0.048,,-1.4,-0.3,-1.7,0.1
193,Perry Moss,PG,28,GSW,64,698,10.2,0.489,0.068,0.333,4.5,10.5,7.4,16.9,2.8,0.2,19.4,17,,-0.2,0.6,0.4,0.025,,-3.3,0.8,-2.5,-0.1
194,Chris Mullin*,SG,23,GSW,82,2377,15.8,0.58,0.068,0.351,1.8,6.6,4.2,15.9,1.9,0.9,12.6,20.8,,4,1.2,5.2,0.104,,0.8,0,0.7,1.6
195,Jay Murphy,PF,24,WSB,21,141,13.5,0.449,0,0.222,12.5,16.9,14.7,5.6,1,0.8,7.1,24.2,,0,0.2,0.2,0.06,,-1.9,-2.2,-4.1,-0.1
196,Pete Myers,SG,23,CHI,29,155,14,0.465,0.115,0.827,5.7,6.7,6.2,18.6,4.5,0.8,12.4,22,,0.1,0.2,0.3,0.092,,-1.8,2.7,0.9,0.1
197,Larry Nance,PF,27,PHO,69,2569,22.2,0.607,0.005,0.464,8.4,17.6,13.1,13.5,1.6,3.3,10.4,22.6,,7.3,2.8,10.2,0.19,,3.9,1.1,5,4.5
198,Calvin Natt,PF,30,DEN,1,20,15.2,0.46,0,0.2,9.9,16.8,13.1,13.4,2.3,0,8.4,22.8,,0,0,0,0.076,,-2.7,-2.4,-5.1,0
199,Ed Nealy,PF,26,SAS,60,980,11.3,0.501,0.161,0.359,10.4,22,16,10.5,1.9,0.6,13.9,10.6,,0.9,1,1.9,0.095,,-2.2,0.4,-1.8,0.1
200,Chuck Nevitt,C,27,DET,41,267,10.3,0.517,0,0.381,14.9,18.4,16.7,1.9,1.2,6.5,22.2,14.3,,0,0.5,0.5,0.088,,-5.7,2.3,-3.4,-0.1
201,Johnny Newman,SF,23,CLE,59,630,9.8,0.475,0.08,0.276,6.2,5.8,6,6.4,1.5,0.6,13,22.5,,-0.2,0.5,0.3,0.024,,-3.4,-1.1,-4.4,-0.4
202,Kurt Nimphius,PF,28,TOT,66,1088,9.6,0.511,0.012,0.364,7.7,11.3,9.4,3.2,0.9,2.8,14.1,16.4,,0.1,0.7,0.7,0.033,,-3.7,-0.5,-4.2,-0.6
202,Kurt Nimphius,PF,28,LAC,38,811,9.4,0.507,0.012,0.349,7.3,11,9,3.2,0.9,2.9,13.9,16.6,,-0.1,0.4,0.3,0.017,,-3.9,-0.8,-4.7,-0.6
202,Kurt Nimphius,PF,28,DET,28,277,10.1,0.521,0.013,0.41,8.8,12.1,10.5,3.3,0.7,2.7,14.8,15.8,,0.1,0.3,0.5,0.08,,-2.9,0.3,-2.6,0
203,Dennis Nutt,PG,23,DAL,25,91,20,0.574,0.425,0.55,1.2,8.2,4.8,24.1,3.7,0,16.8,26.7,,0.2,0.1,0.3,0.156,,1.7,0.7,2.4,0.1
204,Mike O'Koren,SF,28,WSB,15,123,5.8,0.373,0.048,0.048,5.1,7,6,14.6,0.8,0,12.3,16,,-0.2,0.1,-0.1,-0.034,,-4,-1.5,-5.5,-0.1
205,Charles Oakley,PF,23,CHI,82,2980,14.2,0.493,0.029,0.339,11.2,30.1,20.4,14.3,1.4,0.7,19.8,21.3,,-1.1,4.6,3.5,0.056,,-1.7,-0.3,-2,0
206,Hakeem Olajuwon*,C,24,HOU,75,2760,23.8,0.554,0.004,0.428,12.7,21.3,17.1,12.6,2.4,5.3,12.6,26.8,,4.9,6,10.9,0.189,,3.1,2.7,5.8,5.4
207,Mark Olberding,PF,30,SAC,76,1002,8.8,0.57,0.006,0.794,5.4,14.8,10.1,11.1,0.9,0.5,20.1,11.1,,1,0.5,1.5,0.07,,-2.8,0.1,-2.7,-0.2
208,Jawann Oldham,C,29,NYK,44,776,8.5,0.434,0.006,0.328,7.3,18.7,12.9,3.3,1.4,5.3,19.4,13.3,,-0.9,0.9,0,-0.001,,-4.7,1.1,-3.6,-0.3
209,Louis Orr,SF,28,NYK,65,1440,11,0.493,0.013,0.442,7.9,10.2,9,10.5,1.6,0.7,13.1,15.5,,0.7,0.8,1.5,0.05,,-0.8,-0.4,-1.2,0.3
210,Robert Parish*,C,33,BOS,80,2995,17.7,0.588,0.001,0.292,10.4,20.7,16,8,1,2.7,13.8,19.7,,4.6,4.5,9.2,0.147,,0.9,0.3,1.2,2.4
211,Jim Paxson,SG,29,POR,72,1798,13.8,0.528,0.134,0.295,2.6,6,4.3,18,1.9,0.4,11.5,20.5,,2.1,1.3,3.4,0.091,,-0.1,-0.4,-0.5,0.7
212,John Paxson,PG,26,CHI,82,2689,12.8,0.547,0.177,0.165,0.9,5,2.9,24.5,1.2,0.2,11,15,,4.4,1.6,6,0.106,,-0.4,-1,-1.4,0.4
213,Sam Perkins,PF,25,DAL,80,2687,15.9,0.545,0.056,0.309,8.1,16.5,12.4,7.4,1.9,1.6,10.8,18.5,,4.2,3.3,7.5,0.134,,0.6,0.6,1.2,2.2
214,Chuck Person,SF,22,IND,82,2956,15.6,0.518,0.102,0.219,6.1,19.2,12.5,15.3,1.5,0.3,12.4,24,,1.5,3.9,5.4,0.088,,0.4,-0.1,0.3,1.7
215,Jim Petersen,PF,24,HOU,82,2403,12.7,0.545,0.005,0.277,8.2,17.1,12.7,7.4,0.9,2.4,15.2,17,,1.4,3.3,4.7,0.095,,-1.7,0.5,-1.3,0.5
216,Michael Phelps,SG,25,SEA,60,469,10.3,0.466,0.057,0.25,3.7,7.9,5.8,18.3,2.1,0.2,14.1,19.1,,0,0.3,0.3,0.035,,-3,-0.3,-3.3,-0.2
217,Ricky Pierce,SG,27,MIL,79,2505,18.5,0.606,0.026,0.409,5.1,6.7,5.9,8.9,1.2,0.6,8.6,22.7,,7.3,2.1,9.4,0.18,,2.7,-0.7,2,2.5
218,Ed Pinckney,SF,23,PHO,80,2250,15.2,0.644,0.004,0.7,9.1,19.7,14.5,6.7,1.8,1.4,17.2,14.2,,3.8,2.4,6.2,0.132,,0.4,0.3,0.7,1.5
219,Dwayne Polee,SG,23,LAC,1,6,-11.4,0.25,0.75,0,0,0,0,0,7.8,0,20,33.2,,-0.1,0,0,-0.397,,-22.1,-0.2,-22.3,0
220,Ben Poquette,PF,31,TOT,58,604,10.8,0.569,0.033,0.41,5.4,12.8,9.1,7.7,0.7,3.2,12.7,11.1,,0.7,0.7,1.4,0.11,,-2.1,1.5,-0.6,0.2
220,Ben Poquette,PF,31,CLE,37,437,10.4,0.57,0.037,0.476,5,14,9.5,8.5,0.7,2.8,14.6,10.6,,0.4,0.5,0.9,0.104,,-2.1,1.7,-0.4,0.2
220,Ben Poquette,PF,31,CHI,21,167,11.9,0.569,0.025,0.275,6.7,9.7,8.2,5.8,0.9,4.3,8.2,12.3,,0.3,0.2,0.4,0.127,,-1.9,0.9,-1,0
221,Terry Porter,PG,23,POR,80,2714,16.2,0.57,0.078,0.434,3,10.8,6.9,33.6,2.7,0.2,21.8,17,,4,2.8,6.8,0.12,,1.4,0.5,1.9,2.7
222,Paul Pressey,SF,28,MIL,61,2057,16.7,0.556,0.089,0.532,5.2,10.8,8,29.3,2.6,1.4,19.7,18.8,,2.6,2.9,5.5,0.129,,1.9,1.6,3.5,2.9
223,Harold Pressley,SF,23,SAC,67,913,11.8,0.458,0.088,0.151,8.1,13,10.5,17.7,2.1,1.3,15.7,17.5,,0,0.7,0.7,0.035,,-1.2,0.6,-0.6,0.3
224,Mark Price,PG,22,CLE,67,1217,11.3,0.489,0.165,0.269,2.9,7.4,5.2,23.5,1.7,0.2,18.1,19.1,,0,1.1,1.1,0.043,,-1.7,-0.9,-2.6,-0.2
225,Kurt Rambis,PF,28,LAL,78,1514,12.6,0.584,0,0.502,12.6,20.2,16.6,5,2.3,1.5,21.4,13,,1.3,2.6,3.9,0.123,,-1.5,0.8,-0.6,0.5
226,Blair Rasmussen,C,24,DEN,74,1421,15.5,0.525,0,0.405,12.7,22.2,17.2,5.6,0.8,2.3,10.5,20.3,,1.9,1.4,3.3,0.111,,-1.1,-1.9,-3,-0.4
227,Robert Reid,SG,31,HOU,75,2594,11.4,0.475,0.161,0.176,2,10.1,6.1,17.4,1.4,0.5,8.8,18.7,,1.3,2.8,4.1,0.076,,-1.7,0.2,-1.5,0.3
228,Jerry Reynolds,SF,24,MIL,58,963,12.9,0.462,0.051,0.517,8.2,11.8,10,15.1,2.5,1.9,15.8,22.1,,-0.5,1.4,0.9,0.046,,-1.1,0.6,-0.5,0.4
229,Clint Richardson,SG,30,IND,78,1396,12.8,0.501,0.036,0.158,3.9,7.3,5.6,24.3,1.7,0.3,14.5,17.5,,0.7,1.3,2.1,0.071,,-0.5,0,-0.5,0.5
230,Doc Rivers,PG,25,ATL,82,2590,19.9,0.553,0.028,0.582,3.5,9,6.2,43,3.3,0.7,18.6,18.6,,6.4,3.9,10.3,0.191,,3.6,2.4,6,5.3
231,Fred Roberts,PF,26,BOS,73,1079,10.7,0.596,0.011,0.567,6.2,13.1,9.9,7.3,1,1,20.9,16.8,,0.6,1.1,1.8,0.078,,-2.6,-0.7,-3.3,-0.4
232,Alvin Robertson,SG,24,SAS,81,2697,18.5,0.51,0.038,0.256,7.3,10.1,8.7,23.2,4.6,0.7,14.7,24.5,,1.8,3.4,5.3,0.094,,0.9,2.1,3,3.4
233,Cliff Robinson,PF,26,PHI,55,1586,15.1,0.503,0.005,0.252,6.4,15.6,11.1,9,2.7,1.1,13.2,24.7,,0.1,2,2.1,0.064,,-1.3,-0.2,-1.5,0.2
234,Dennis Rodman*,SF,25,DET,77,1155,15.5,0.56,0.003,0.322,15.6,15.3,15.5,6.8,1.6,2.4,17.2,18.9,,1.1,1.7,2.9,0.12,,-0.2,0.7,0.5,0.7
235,Johnny Rogers,PF,23,SAC,45,468,10.5,0.493,0.027,0.081,7,11,9,8,0.9,1,9.5,18.1,,0.2,0.2,0.4,0.041,,-2.7,-1.5,-4.2,-0.3
236,Tree Rollins,C,31,ATL,75,1764,12,0.576,0,0.278,9.6,20.3,15,1.6,1.2,4.8,14.8,9.6,,1.7,3.2,4.9,0.134,,-1.3,2.4,1,1.4
237,Dan Roundfield,PF,33,WSB,36,669,10.6,0.473,0.023,0.327,10,17.1,13.5,8.1,0.8,1.3,16.3,18.1,,-0.1,0.7,0.6,0.042,,-2.5,-0.8,-3.2,-0.2
238,Ron Rowan,SG,24,POR,7,16,22.2,0.558,0.111,0.444,7.2,0,3.5,9.3,11.4,0,21.8,33.8,,0,0,0,0.084,,1.3,7.2,8.5,0
239,Jeff Ruland,PF,28,PHI,5,116,16.1,0.706,0,0.429,12.2,15.5,13.9,12.8,0,2,23.1,15.7,,0.2,0.1,0.3,0.132,,1.8,-0.1,1.7,0.1
240,Walker Russell,PG,26,IND,48,511,9.5,0.433,0.097,0.224,3.8,8.1,5.9,34.1,1.9,0.6,24.9,19.7,,-0.7,0.5,-0.2,-0.018,,-2.7,-0.4,-3.1,-0.1
241,John Salley,C,22,DET,82,1463,11.9,0.59,0.003,0.59,8.2,13.4,10.9,4.7,1.4,4.9,16.8,12.2,,1.4,2.4,3.8,0.124,,-2.1,3,0.9,1.1
242,Ralph Sampson*,PF,26,HOU,43,1326,15.4,0.518,0.005,0.334,7.4,23.2,15.4,13.6,1.5,2.5,16.3,23.9,,-0.2,2.4,2.2,0.078,,-1.6,1.2,-0.4,0.5
243,Mike Sanders,SF,26,PHO,82,1655,14.4,0.535,0.024,0.253,7,11.3,9.2,11.1,1.7,0.8,11.6,22.2,,1.5,1.2,2.7,0.079,,-0.7,-0.9,-1.6,0.2
244,Danny Schayes,C,27,DEN,76,1556,13.4,0.607,0,0.726,7.6,18.7,12.8,6.7,0.6,2.7,15.1,15.5,,2.6,1.3,3.9,0.121,,-2,-0.3,-2.3,-0.1
245,Russ Schoene,PF,26,SEA,63,579,6.2,0.411,0.068,0.242,9.8,12.3,11,6,1.6,1.1,16.7,17.1,,-0.6,0.4,-0.2,-0.018,,-4.9,-1,-6,-0.6
246,Detlef Schrempf,SF,24,DAL,81,1711,13.7,0.56,0.123,0.463,5.6,13.4,9.6,12.6,1.4,0.5,14,18.7,,2.5,1.5,4,0.113,,-0.2,-0.1,-0.3,0.7
247,John Schweitz,SG,26,DET,3,7,-20.3,0,0,0,0,14.9,7.7,0,0,0,66.7,17.3,,-0.1,0,-0.1,-0.463,,-22.1,-5.1,-27.2,0
248,Byron Scott,SG,25,LAL,82,2729,16,0.561,0.131,0.221,2.8,8.5,5.8,13.8,2.2,0.4,10.4,20.6,,4.8,2.9,7.7,0.136,,0.9,0.2,1.1,2.1
249,Carey Scurry,SF,24,UTA,69,753,18.3,0.562,0.053,0.543,13.3,14.1,13.7,10.5,3.4,4.1,15.5,19.1,,1,1.6,2.6,0.168,,0.5,3.4,3.9,1.1
250,Brad Sellers,PF,24,CHI,80,1751,13.4,0.498,0.017,0.285,9.8,14.4,12.1,8.4,1.3,2.3,11,18.5,,1.4,2,3.3,0.091,,-1.4,-0.5,-1.9,0.1
251,Purvis Short,SF,29,GSW,34,950,18.6,0.543,0.034,0.319,6.3,9.5,7.9,14.2,2.2,0.4,10.6,27.1,,1.6,0.6,2.2,0.111,,1.5,-0.9,0.7,0.7
252,Jerry Sichting,PG,30,BOS,78,1566,9.4,0.538,0.065,0.106,1.7,4.6,3.3,15.1,1.2,0,12.8,13,,1.2,1,2.3,0.07,,-2,-0.4,-2.4,-0.1
253,Jack Sikma*,C,31,MIL,82,2536,16,0.533,0.002,0.372,9,27.3,18,11.1,1.7,2.2,14,18.4,,2.7,4.7,7.4,0.141,,-0.1,1.2,1.1,2
254,McKinley Singleton,PG,25,NYK,2,10,13.3,0.667,0.333,0,0,0,0,15.6,0,0,0,12.5,,0,0,0,0.131,,0.1,0,0.1,0
255,Scott Skiles,PG,22,MIL,13,205,6.2,0.364,0.226,0.194,3.2,11,7.1,27.9,1.2,0.3,23.8,17.6,,-0.4,0.2,-0.2,-0.05,,-4.2,-0.8,-5,-0.2
256,Clinton Smith,SG,23,GSW,41,341,11.5,0.478,0.017,0.308,8.3,9.7,9,17.7,1.8,0.2,16.4,18.8,,0,0.2,0.2,0.032,,-1.3,-0.9,-2.2,0
257,Derek Smith,SG,25,SAC,52,1658,13.1,0.503,0.044,0.301,3.9,8.1,6,17.9,1.3,0.8,12.8,23.7,,0.9,0.6,1.6,0.045,,-1,-1.2,-2.2,-0.1
258,Keith Smith,SG,22,MIL,42,461,6,0.425,0.06,0.187,3.1,4.6,3.9,12.4,2.6,0.4,15.6,17.1,,-0.5,0.5,0,-0.003,,-6,0.4,-5.5,-0.4
259,Larry Smith,PF,29,GSW,80,2374,14.2,0.561,0.002,0.362,16.7,25.7,21.1,5.2,1.4,1.4,17.6,13,,2.7,2.7,5.4,0.109,,-0.2,-0.8,-1.1,0.6
260,Otis Smith,SG,23,DEN,28,168,8.1,0.442,0.025,0.266,10,11.3,10.6,17.5,0.3,0.3,17.7,24.5,,-0.2,0.1,-0.2,-0.053,,-4.4,-3.4,-7.8,-0.2
261,Mike Smrek,C,24,LAL,35,233,5,0.535,0,0.417,6.7,10.7,8.8,2.6,0.8,3.1,21.1,15.7,,-0.1,0.3,0.1,0.031,,-7.8,0.5,-7.3,-0.3
262,Rory Sparrow,PG,28,NYK,80,1951,11.2,0.483,0.071,0.151,1.7,5,3.3,31.3,1.7,0.2,18.2,16.4,,0.4,0.6,1,0.024,,-1.1,-1.3,-2.4,-0.2
263,Terence Stansbury,SG,25,SEA,44,375,9.7,0.494,0.186,0.321,2.3,4.7,3.5,20.9,1.6,0,14,21.7,,0.2,0.1,0.3,0.042,,-3.1,-1.2,-4.3,-0.2
264,Brook Steppe,SG,27,SAC,34,665,11.4,0.559,0.045,0.442,3.4,6.6,5,16.3,1.3,0.3,18.5,17.5,,0.5,0.2,0.7,0.05,,-1.2,-0.8,-2,0
265,Steve Stipanovich,C,26,IND,81,2761,15.9,0.582,0.005,0.483,7.1,19.6,13.3,9,1.9,2.1,12.4,15.9,,4.6,4.4,9,0.156,,0.2,1.6,1.8,2.6
266,John Stockton*,PG,24,UTA,82,1858,19,0.575,0.084,0.495,1.8,6.7,4.2,47.6,4.4,0.4,22.5,15.5,,3.4,3.3,6.7,0.174,,1.6,3.7,5.3,3.4
267,Jon Sundvold,PG,25,SAS,76,1765,14.5,0.539,0.198,0.112,1.2,5.1,3.1,26.1,0.9,0,11,20.1,,2.7,0.3,3,0.08,,0.8,-2.3,-1.5,0.2
268,Roy Tarpley,PF,22,DAL,75,1405,15.2,0.501,0.006,0.279,14.1,26.7,20.5,5,1.9,3.2,15.3,19.1,,0.6,2.5,3.1,0.105,,-2.3,0.4,-1.9,0
269,Jeff Taylor,SG,27,DET,12,44,11.7,0.729,0,1,2.5,7.1,4.9,9,2.2,1.3,35.7,20.6,,0,0.1,0,0.05,,-2.4,0.6,-1.8,0
270,Terry Teagle,SG,26,GSW,82,1650,13.2,0.506,0.012,0.29,4.5,7.2,5.8,9.5,1.9,0.5,11.4,25.1,,0.4,0.8,1.3,0.037,,-1.9,-1.3,-3.3,-0.5
271,Reggie Theus,PG,29,SAC,79,2872,17.9,0.555,0.064,0.405,3.3,6.9,5.1,35,1.3,0.3,16.7,24.1,,5.4,0.8,6.2,0.104,,2.8,-1.9,0.9,2.1
272,David Thirdkill,SF,26,BOS,17,89,4.5,0.403,0.042,0.667,6.9,16.3,12,2.8,1.1,0,13.9,17.3,,-0.2,0.1,-0.1,-0.038,,-8.3,-2.3,-10.7,-0.2
273,Isiah Thomas*,PG,25,DET,81,3013,18.8,0.528,0.072,0.385,3,8.2,5.7,39.3,2.4,0.4,17.8,25.9,,3.8,3.8,7.6,0.121,,2.9,0.4,3.3,4
274,Bernard Thompson,SF,24,PHO,24,331,7.2,0.464,0.029,0.314,6.9,3.7,5.3,7,1.6,0.9,11.8,16.6,,0,0.1,0.1,0.019,,-4.6,-1.5,-6.1,-0.3
275,Billy Thompson,SF,23,LAL,59,762,12.8,0.565,0.004,0.284,10.8,13.9,12.5,10.3,0.9,2.2,17.2,18.9,,0.7,0.9,1.6,0.102,,-2.6,-0.1,-2.7,-0.1
276,LaSalle Thompson,C,25,SAC,82,2166,15.7,0.528,0.007,0.339,11.9,22.8,17.3,7.8,1.5,3.3,14.2,18.6,,2,2.5,4.5,0.1,,-0.9,0.4,-0.4,0.8
277,Mychal Thompson,PF,32,TOT,82,1890,13.9,0.506,0.003,0.373,8.1,16.1,12,8.5,1.1,2.1,12.6,22.6,,0.8,1.8,2.6,0.066,,-1.5,-1.1,-2.6,-0.3
277,Mychal Thompson,PF,32,SAS,49,1210,14.6,0.492,0.002,0.371,8,17.6,12.6,10.2,1.2,1.9,11.1,22.9,,0.6,1,1.6,0.063,,-0.9,-0.9,-1.8,0.1
277,Mychal Thompson,PF,32,LAL,33,680,12.6,0.531,0.004,0.375,8.3,13.6,11.1,5.4,1,2.5,15.4,22.1,,0.2,0.8,1,0.071,,-2.7,-1.3,-4,-0.3
278,Bob Thornton,PF,24,NYK,33,282,4.1,0.468,0.015,0.299,7.1,15.3,11.1,3.8,0.7,0.6,24,14.8,,-0.4,0.2,-0.3,-0.044,,-6.4,-1.5,-7.9,-0.4
279,Otis Thorpe,PF,24,SAC,82,2956,18,0.6,0.003,0.517,9.5,20.8,15.1,9.7,0.7,1.1,12.8,20,,6.8,2.1,9,0.146,,1.8,-0.6,1.2,2.4
280,Sedale Threatt,PG,25,TOT,68,1446,13.6,0.495,0.06,0.223,2.1,6.5,4.3,26.3,2.5,0.5,13.2,19.7,,1.1,1.3,2.5,0.082,,-1.6,0,-1.6,0.2
280,Sedale Threatt,PG,25,PHI,28,668,10.5,0.466,0.061,0.203,3.2,6.6,4.9,18.1,2.4,0.4,14.2,20.8,,-0.1,0.5,0.4,0.027,,-3.2,-0.6,-3.8,-0.3
280,Sedale Threatt,PG,25,CHI,40,778,16.2,0.521,0.059,0.242,1.1,6.4,3.7,33.2,2.7,0.7,12.2,18.7,,1.3,0.8,2.1,0.129,,-0.2,0.6,0.4,0.5
281,Wayman Tisdale,PF,22,IND,81,2159,16.3,0.558,0.002,0.408,10.8,13.3,12,8.3,1.1,0.7,11.7,23,,3.2,2.3,5.6,0.124,,0.4,-1,-0.6,0.7
282,Andrew Toney,SG,29,PHI,52,1058,14.3,0.538,0.153,0.382,1.8,7.3,4.6,27.2,0.8,0.4,18,24.7,,0.8,0.5,1.2,0.056,,0.6,-2.7,-2.1,0
283,Kelly Tripucka,SF,27,UTA,79,1865,13,0.554,0.084,0.364,3,10.6,6.7,17.9,2.1,0.3,18.8,18.9,,0.8,2.6,3.3,0.085,,-1.6,0.9,-0.7,0.6
284,Trent Tucker,SG,27,NYK,70,1691,15.4,0.54,0.233,0.146,3.2,5.8,4.5,15.1,3.3,0.4,9.6,20.1,,2.1,1.3,3.4,0.096,,0.6,1.2,1.8,1.6
285,Andre Turner,PG,22,BOS,3,18,-7.1,0.4,0.2,0,6.8,5.8,6.2,6.9,0,0,50,23.7,,-0.1,0,-0.1,-0.354,,-10.7,-7.2,-18,-0.1
286,Elston Turner,SF,27,CHI,70,936,9.4,0.467,0.032,0.123,4,10,7,14.9,1.6,0.3,10.5,13.4,,0.4,0.8,1.2,0.063,,-2.8,0.2,-2.6,-0.1
287,Jeff Turner,PF,24,NJN,76,1003,9.1,0.51,0.003,0.32,9,13.1,11,8.6,1.6,0.8,17.9,18.2,,-0.1,0.8,0.6,0.031,,-3.7,-0.2,-3.9,-0.5
288,Melvin Turpin,C,26,CLE,64,801,13,0.491,0,0.21,8.4,17.2,12.8,6.5,0.7,2.8,13.6,23.1,,-0.3,1,0.8,0.046,,-2.7,-0.6,-3.4,-0.3
289,Terry Tyler,SF,30,SAC,82,1930,12.8,0.524,0.005,0.211,6.5,12.1,9.3,5.3,1.3,2.3,9.7,16.6,,1.6,1.3,2.9,0.072,,-0.6,0,-0.6,0.7
290,Darnell Valentine,PG,27,LAC,65,1759,14.5,0.478,0.083,0.298,2.2,7.6,4.7,37.3,3.1,0.3,18,21,,0,1.1,1.1,0.029,,-0.4,-0.5,-1,0.5
291,Kiki Vandeweghe,SF,28,POR,79,3029,19.2,0.597,0.052,0.341,3.3,6,4.6,11.1,0.8,0.3,7.3,24.8,,9.6,1.3,10.8,0.171,,3.4,-1.9,1.5,2.7
292,Nick Vanos,C,23,PHO,57,640,9.1,0.457,0.013,0.373,12,19.5,15.8,8.4,1.4,2.1,20.7,14.7,,-0.4,0.7,0.3,0.024,,-3.9,-0.1,-4.1,-0.3
293,Pete Verhoeven,PF,27,IND,5,44,5.2,0.357,0,0,4.9,12.6,8.7,6,2.2,1.4,0,13.3,,0,0.1,0,0.04,,-7.3,0,-7.3,-0.1
294,Jay Vincent,SF,27,WSB,51,1386,13.2,0.493,0.005,0.276,5.2,11,8,9.4,1.4,0.7,10.1,22.2,,0.7,1.2,1.9,0.067,,-1.5,-1,-2.5,-0.2
295,Sam Vincent,PG,23,BOS,46,374,12.8,0.534,0,0.404,1.6,6.1,4.1,20.8,1.7,0.1,17.1,22,,0.2,0.3,0.5,0.069,,-1.6,-0.8,-2.4,0
296,Danny Vranes,SF,28,PHI,58,817,6.9,0.444,0.036,0.326,7.3,13.1,10.3,4.8,2.1,1.8,14.1,9.5,,-0.1,0.9,0.8,0.048,,-3.8,1.2,-2.6,-0.1
297,Granville Waiters,C,26,CHI,44,534,6.5,0.438,0.011,0.097,7.9,10.6,9.2,5.3,0.9,3.5,14.2,8.9,,0,0.6,0.5,0.049,,-4.4,1.2,-3.2,-0.2
298,Darrell Walker,PG,25,DEN,81,2020,15.8,0.547,0.005,0.492,7.7,9.4,8.5,18.1,2.7,1,17.2,20.7,,2,1.8,3.8,0.09,,0.3,0.2,0.4,1.3
299,Kenny Walker,SF,22,NYK,68,1719,13.3,0.536,0.007,0.318,7.6,14.5,11,6.5,1.4,1.7,10.2,17.9,,1.9,1.3,3.1,0.088,,-1.2,-0.4,-1.6,0.2
300,Bill Walton*,C,34,BOS,10,112,5.6,0.429,0,0.577,12.1,18.5,15.6,9.7,0.4,5,31.5,18.1,,-0.3,0.2,-0.1,-0.047,,-6.4,2.3,-4.1,-0.1
301,Chris Washburn,C,21,GSW,35,385,5.4,0.394,0.007,0.352,10.1,18.7,14.4,5.6,0.7,1.2,18.9,21.6,,-1.1,0.3,-0.8,-0.1,,-6.5,-2.5,-9,-0.7
302,Pearl Washington,PG,23,NJN,72,1600,11.5,0.519,0.045,0.232,2.6,6.5,4.5,27.3,2.7,0.3,22.8,19.4,,-0.4,1.2,0.7,0.022,,-1.7,-0.2,-2,0
303,Spud Webb,PG,23,ATL,33,532,16.5,0.536,0.037,0.648,1.2,10.9,6.1,42.6,3.1,0.2,25.2,21.5,,0.4,0.8,1.2,0.107,,1,1.4,2.4,0.6
304,Marvin Webster,C,34,MIL,15,102,10.7,0.599,0.053,0.421,12.9,15.5,14.2,3.8,1.4,4.2,26.2,12.2,,0,0.2,0.2,0.095,,-2.7,0.2,-2.6,0
305,Scott Wedman,SF,34,BOS,6,78,5.7,0.359,0.074,0.074,4.7,8,6.5,9.6,1.2,1.4,9.7,16.9,,-0.1,0.1,-0.1,-0.032,,-4.3,-1.3,-5.6,-0.1
306,Bill Wennington,C,23,DAL,58,560,7.9,0.496,0.015,0.455,10.4,14.4,12.5,5.3,1.1,1,19.8,14.3,,0,0.5,0.5,0.045,,-4.1,-0.6,-4.7,-0.4
307,Mark West,C,26,CLE,78,1333,11.5,0.55,0.005,0.449,10.2,17.2,13.7,4.5,0.8,3.4,18.7,17,,0.1,1.8,1.9,0.068,,-3.7,0.7,-3,-0.4
308,Ennis Whatley,PG,24,WSB,73,1816,14,0.526,0.004,0.32,3.3,8.1,5.7,30.1,2.4,0.3,19,16,,1.5,1.8,3.3,0.088,,-0.7,0.2,-0.5,0.7
309,Rory White,SF,27,LAC,68,1545,10.8,0.507,0.005,0.261,5.9,8,6.9,7.7,1.4,0.7,10.6,17.7,,0.5,0.4,1,0.03,,-2.4,-1.4,-3.8,-0.7
310,Jerome Whitehead,C,30,GSW,73,937,10.8,0.495,0.003,0.346,12.7,17.9,15.3,3.5,0.8,0.7,11.7,18.4,,0.5,0.6,1.2,0.059,,-3.3,-2.4,-5.6,-0.9
311,Mitchell Wiggins,SG,27,HOU,32,788,13.5,0.469,0.014,0.186,10.5,8.1,9.3,14.1,2.7,0.2,11.7,22.2,,0.1,1,1.2,0.07,,-1.5,0.2,-1.2,0.2
312,Dominique Wilkins*,SF,27,ATL,79,2969,23.5,0.543,0.059,0.415,7.7,10.3,9,14.9,1.9,1,9.2,32.3,,8.4,3.7,12.2,0.197,,5.5,0,5.5,5.6
313,Eddie Lee Wilkins,PF,24,NYK,24,454,7,0.456,0.008,0.457,11,15.5,13.2,1.8,1,0.3,15.5,16.6,,-0.4,0.3,-0.1,-0.012,,-5.1,-2.6,-7.7,-0.7
314,Gerald Wilkins,SG,23,NYK,80,2758,16.2,0.527,0.057,0.257,4.8,7.1,6,21,1.6,0.4,12.9,25.2,,2.3,1,3.3,0.057,,1.5,-1.5,0,1.4
315,Buck Williams,PF,26,NJN,82,2976,17.6,0.616,0.001,0.628,12.2,26.4,19.3,6.4,1.2,1.8,19,20,,4.3,3.6,7.9,0.127,,0.9,-0.5,0.5,1.9
316,Gus Williams,SG,33,ATL,33,481,9.6,0.422,0.123,0.274,1.8,7.1,4.5,38,1.7,0.6,24.8,18.6,,-0.4,0.5,0.1,0.007,,-1.6,-0.8,-2.5,-0.1
317,Herb Williams,PF,28,IND,74,2526,14.1,0.521,0.01,0.286,6.1,17.6,11.7,10,1.1,2.2,12.1,19.9,,1.3,3.4,4.7,0.09,,-0.7,0.6,-0.2,1.1
318,Hot Rod Williams,PF,24,CLE,80,2714,16.2,0.544,0.001,0.446,8.8,16.1,12.5,8.3,1,3.4,11.5,17.9,,3.8,3.7,7.5,0.132,,0.5,0.9,1.4,2.3
319,John Williams,SF,20,WSB,78,1773,15.5,0.497,0.058,0.357,7.6,14.4,10.9,15.6,3.5,0.9,14.5,19.1,,0.8,2.8,3.5,0.096,,-0.2,2,1.8,1.7
320,Kevin Williams,SG,25,SEA,65,703,10.4,0.491,0.024,0.223,7.3,5.6,6.4,13.1,3,0.6,16.2,21.7,,0,0.6,0.6,0.038,,-4.2,0.3,-3.8,-0.3
321,Pete Williams,PF,21,DEN,5,10,2.2,0.5,0,0,0,11.2,5.2,11.8,0,0,33.3,11.5,,0,0,0,-0.072,,-5.3,-1.9,-7.2,0
322,Ray Williams,PG,32,NJN,32,800,11.9,0.503,0.097,0.207,3.7,6.9,5.3,33.7,2.2,0.7,22.9,20.7,,-0.2,0.5,0.4,0.022,,-1,-0.9,-1.9,0
323,Kevin Willis,PF,24,ATL,81,2626,17.4,0.57,0.004,0.319,13.3,21.6,17.5,3.5,1.2,1.4,13.1,20.6,,4.4,4.2,8.6,0.156,,0.8,-0.5,0.3,1.5
324,Michael Wilson,SG-PG,27,TOT,7,45,0.3,0.368,0,0.2,2.5,7.5,5,19.6,1,0,31.5,14.3,,-0.1,0,-0.1,-0.098,,-7.6,-0.3,-7.8,-0.1
324,Michael Wilson,SG,27,NJN,5,43,2.6,0.45,0,0.25,2.6,7.8,5.2,17.9,1.1,0,31.1,12.1,,-0.1,0,0,-0.039,,-6,0.7,-5.3,0
324,Michael Wilson,PG,27,ATL,2,2,-49.6,0,0,0,0,0,0,57.4,0,0,33.3,61.7,,-0.1,0,-0.1,-1.365,,-40.8,-20.3,-61.2,0
325,Othell Wilson,PG,25,SAC,53,789,12.1,0.503,0.097,0.292,3.9,7.4,5.6,33.4,2.5,0.3,26.9,14.5,,0.1,0.5,0.6,0.038,,-0.8,0.4,-0.5,0.3
326,David Wingate,SG,23,PHI,77,1612,11.9,0.492,0.086,0.334,5.1,6,5.6,14.2,2.8,0.7,15.6,21.3,,-0.1,1.5,1.4,0.041,,-2.2,0.2,-2.1,0
327,Randy Wittman,SG,27,ATL,71,2049,13,0.531,0.015,0.16,1.6,4.9,3.3,15.2,0.9,0.5,9.4,18.8,,2.6,1.5,4.2,0.098,,-0.1,-0.5,-0.6,0.7
328,Al Wood,SG,28,DAL,54,657,13.2,0.482,0.081,0.448,6.5,8.9,7.7,7.2,1.4,0.9,8.4,25.1,,0.5,0.5,1,0.076,,-1.9,-1.6,-3.4,-0.2
329,Leon Wood,PG,24,NJN,76,1733,11.1,0.49,0.399,0.307,1.5,6.3,3.9,28.8,1.3,0.1,16,15.7,,1.3,0.6,2,0.054,,0.2,-1.3,-1.1,0.4
330,Mike Woodson,SG,28,LAC,74,2126,13.9,0.502,0.109,0.257,3.3,5.3,4.2,15.2,2.2,0.4,11.8,26.7,,0.2,0.7,0.9,0.021,,-1.1,-1.4,-2.5,-0.2
331,Orlando Woolridge,SF,27,NJN,75,2638,17.6,0.59,0.007,0.529,5,10.6,7.8,15.5,1,1.9,13.9,23.4,,5.3,1.6,6.8,0.124,,2.6,-0.5,2.1,2.7
332,James Worthy*,SF,25,LAL,82,2819,18.4,0.578,0.011,0.322,6.7,11.4,9.2,11.2,1.8,1.6,10.9,22.3,,5.9,3.4,9.3,0.158,,2.3,0.3,2.6,3.3
333,Brad Wright,PF,24,NYK,14,138,11.2,0.446,0.022,0.609,20.2,23,21.6,1,1.1,2.5,18.2,21.6,,-0.2,0.1,0,-0.013,,-3.7,-2.9,-6.5,-0.2
334,Danny Young,PG,24,SEA,73,1482,12.8,0.551,0.274,0.247,1.7,6.6,4.2,29.2,2.4,0.1,21,10.7,,2,0.9,2.9,0.095,,0.8,0.3,1.1,1.2
335,Perry Young,SG,23,TOT,9,72,3,0.297,0,0.095,4.8,7.7,6.2,11.5,3.2,0.8,15.5,14.4,,-0.2,0.1,-0.1,-0.047,,-7.9,0.6,-7.3,-0.1
335,Perry Young,SG,23,CHI,5,20,3.8,0.512,0,0.5,0,5.8,2.8,0,2.5,0,17,12.4,,0,0,0,0.005,,-7.9,-0.6,-8.5,0
335,Perry Young,SG,23,POR,4,52,2.6,0.235,0,0,6.6,8.4,7.5,15.9,3.5,1.1,15,15.1,,-0.1,0.1,-0.1,-0.067,,-7.9,1,-6.9,-0.1